inner_x;inner_y;level_name;class_name;Rel. area of Bare Soil (133);Rel. area of Bare Soil (267);Rel. area of Bare Soil (400);Rel. area of Buildings (13);Rel. area of Buildings (133);Rel. area of Buildings (267);Rel. area of Grass (133);Rel. area of Grass (267);Rel. area of Grass (400);Rel. area of Other Impervious (13);Rel. area of Other Impervious (133);Rel. area of Other Impervious (267);Rel. area of Roads (133);Rel. area of Roads (267);Rel. area of Roads (400);Rel. area of Shrub (133);Rel. area of Shrub (267);Rel. area of Shrub (400);Rel. area of Tree Canopy (133);Rel. area of Tree Canopy (267);Rel. area of Tree Canopy (400);Rel. area of Water (133);Rel. area of Water (267);Rel. area of Water (400);"ID_Parcel"  Parcels;"ID_Build"  Building_Centroids;Rel. area of Grass (13);Rel. area of Tree Canopy (13);Rel. area of Bare Soil (13);Rel. area of Buildings (400);Rel. area of Other Impervious (400);Rel. area of Roads (13);Rel. area of Shrub (13);Rel. area of Water (13)
10092;3167;Level 2;Building Centroid;0.384314925480596;0.445052785766599;0.384064429872032;1;0.164860681114551;0.0409558600239367;0.22890416876665;0.0571399224736964;0.0254564047876743;0;0.115145078839369;0.0464532609278148;1.7999856001152e-05;0.0878467694396313;0.0726845514738652;0.00118799049607603;0.149202407959844;0.175908830457758;0.105569155446756;0.0772003001018203;0.0493808493028586;0;0;0;13295;7502;0;0;0;0.033070446297829;0.043786209970077;0;0;0
11399;2939;Level 2;Building Centroid;0.232720138238894;0.55109322805952;0.427966034252244;1;0.148714810281518;0.0368964470088066;0.370059039527684;0.106134224111752;0.0479603043229134;0;0.154870761033912;0.0619093978314071;0;0.0702336507029171;0.0578603488890304;0.00831593347253222;0.0750209892642146;0.160770277583243;0.0853193174454604;0.0388256729961951;0.0729511523524543;0;0;0;821;7592;0;0;0;0.0164377347679379;0.031795139109951;0;0;0