x,y,ymin,ymax,iv
Multi Pane,0,0,0,build_WINDOWPANE
No Windows,0.4777226144485976,0.4657595210935334,0.4896857078036618,build_WINDOWPANE
Single Pane,0.5162615334572919,0.5011920717742162,0.5313309951403675,build_WINDOWPANE
